,backbone,error,accuracy
0,resnet,0.9917333333333334,0.008266666666666644
1,rvt,0.9472,0.05279999999999996
